{"cameraMode":{"drawMode":0,"name":"Shaded","section":"Shading Mode"},"sceneLighting":true,"audioPlay":false,"sceneViewState":{"m_AlwaysRefresh":false,"showFog":true,"showSkybox":true,"showFlares":true,"showImageEffects":true,"showParticleSystems":true,"showVisualEffectGraphs":true,"m_FxEnabled":true},"in2DMode":false,"pivot":{"x":-1.410345435142517,"y":1.768521785736084,"z":-5.026511192321777},"rotation":{"x":0.017500748857855798,"y":-0.9056543111801148,"z":0.03750564157962799,"w":0.42211097478866579},"size":1.0548901557922364,"orthographic":false}