{"cameraMode":{"drawMode":0,"name":"Shaded","section":"Shading Mode"},"sceneLighting":true,"audioPlay":false,"sceneViewState":{"m_AlwaysRefresh":false,"showFog":true,"showSkybox":true,"showFlares":true,"showImageEffects":true,"showParticleSystems":true,"showVisualEffectGraphs":true,"m_FxEnabled":true},"in2DMode":false,"pivot":{"x":-8.908315658569336,"y":1.6070449352264405,"z":-1.508538007736206},"rotation":{"x":-0.0008108329493552446,"y":-0.24924299120903016,"z":0.0008458587108179927,"w":0.9697929620742798},"size":2.520246982574463,"orthographic":false}