{"cameraMode":{"drawMode":0,"name":"Shaded","section":"Shading Mode"},"sceneLighting":true,"audioPlay":false,"sceneViewState":{"m_AlwaysRefresh":false,"showFog":true,"showSkybox":true,"showFlares":true,"showImageEffects":true,"showParticleSystems":true,"showVisualEffectGraphs":true,"m_FxEnabled":true},"in2DMode":false,"pivot":{"x":34.918331146240237,"y":-13.947235107421875,"z":-57.40065383911133},"rotation":{"x":0.03988732025027275,"y":0.9424400925636292,"z":-0.12484212964773178,"w":0.3086639940738678},"size":31.099323272705079,"orthographic":false}