{"cameraMode":{"drawMode":0,"name":"Shaded","section":"Shading Mode"},"sceneLighting":true,"audioPlay":false,"sceneViewState":{"m_AlwaysRefresh":false,"showFog":true,"showSkybox":true,"showFlares":true,"showImageEffects":true,"showParticleSystems":true,"showVisualEffectGraphs":true,"m_FxEnabled":true},"in2DMode":false,"pivot":{"x":-4.805631160736084,"y":1.9088126420974732,"z":-7.626453399658203},"rotation":{"x":0.24578267335891725,"y":0.6651970148086548,"z":-0.24652956426143647,"w":0.6607957482337952},"size":0.18360990285873414,"orthographic":false}