{"cameraMode":{"drawMode":0,"name":"Shaded","section":"Shading Mode"},"sceneLighting":true,"audioPlay":false,"sceneViewState":{"m_AlwaysRefresh":false,"showFog":true,"showSkybox":true,"showFlares":true,"showImageEffects":true,"showParticleSystems":true,"showVisualEffectGraphs":true,"m_FxEnabled":true},"in2DMode":false,"pivot":{"x":14.231476783752442,"y":0.9616518616676331,"z":-0.47189852595329287},"rotation":{"x":-0.1105227991938591,"y":-0.5848010182380676,"z":0.07364840805530548,"w":-0.801616370677948},"size":2.2555809020996095,"orthographic":false}