{"cameraMode":{"drawMode":0,"name":"Shaded","section":"Shading Mode"},"sceneLighting":true,"audioPlay":false,"sceneViewState":{"m_AlwaysRefresh":false,"showFog":true,"showSkybox":true,"showFlares":true,"showImageEffects":true,"showParticleSystems":true,"showVisualEffectGraphs":true,"m_FxEnabled":true},"in2DMode":false,"pivot":{"x":19.917177200317384,"y":-5.437623977661133,"z":-19.451019287109376},"rotation":{"x":0.09660106897354126,"y":0.8067013025283814,"z":-0.13757166266441346,"w":0.5665812492370606},"size":11.473406791687012,"orthographic":false}