{"cameraMode":{"drawMode":0,"name":"Shaded","section":"Shading Mode"},"sceneLighting":true,"audioPlay":false,"sceneViewState":{"m_AlwaysRefresh":false,"showFog":true,"showSkybox":true,"showFlares":true,"showImageEffects":true,"showParticleSystems":true,"showVisualEffectGraphs":true,"m_FxEnabled":true},"in2DMode":false,"pivot":{"x":-2.015397310256958,"y":1.2700457572937012,"z":-1.6365500688552857},"rotation":{"x":-0.014748625457286835,"y":-0.9586995244026184,"z":-0.2791097164154053,"w":0.07180255651473999},"size":0.08713649958372116,"orthographic":false}