{"cameraMode":{"drawMode":0,"name":"Shaded","section":"Shading Mode"},"sceneLighting":true,"audioPlay":false,"sceneViewState":{"m_AlwaysRefresh":false,"showFog":true,"showSkybox":true,"showFlares":true,"showImageEffects":true,"showParticleSystems":true,"showVisualEffectGraphs":true,"m_FxEnabled":true},"in2DMode":false,"pivot":{"x":-0.8538176417350769,"y":1.5618317127227784,"z":-3.7465734481811525},"rotation":{"x":-0.0013154777698218823,"y":0.9997544288635254,"z":0.008665155619382859,"w":0.040116023272275928},"size":1.3627862930297852,"orthographic":false}