{"cameraMode":{"drawMode":0,"name":"Shaded","section":"Shading Mode"},"sceneLighting":false,"audioPlay":false,"sceneViewState":{"m_AlwaysRefresh":false,"showFog":true,"showSkybox":false,"showFlares":true,"showImageEffects":true,"showParticleSystems":true,"showVisualEffectGraphs":true,"m_FxEnabled":true},"in2DMode":false,"pivot":{"x":548.9805297851563,"y":310.5787048339844,"z":-17.24996566772461},"rotation":{"x":0.07014646381139755,"y":-0.005616373382508755,"z":0.0011138197733089328,"w":0.9976367354393005},"size":131.0589599609375,"orthographic":false}